user_id,created_at
3956193,2025-03-05 19:20:32
4828170,2025-03-13 08:18:54
7955388,2025-03-21 20:41:19
13503997,2025-02-24 13:25:19
23017485,2025-02-24 08:37:59
25609331,2025-03-04 10:05:12
32338879,2025-03-12 07:37:37
38209114,2025-04-18 04:55:12
42824225,2025-04-23 09:52:30
43471765,2025-03-05 05:04:23
45492992,2025-04-01 20:55:37
45688074,2025-04-18 04:55:09
45688156,2025-04-18 04:55:09
45709183,2025-02-26 20:07:09
45983374,2025-04-18 04:55:09
45984073,2025-04-18 04:55:09
46098717,2025-04-18 04:55:09
46098769,2025-04-18 04:55:09
46181336,2025-04-18 04:55:09
46249129,2025-04-19 09:23:17
46278613,2025-03-12 14:22:27
46280040,2025-04-18 04:55:09
46496236,2025-04-18 04:55:09
46534251,2025-03-16 15:01:27
46885400,2025-03-16 14:55:15
46972862,2025-03-16 14:59:41
47038288,2025-02-26 19:57:20
47089641,2025-02-28 17:23:52
47090308,2025-02-28 17:24:06
47090486,2025-02-28 17:23:33
47182927,2025-04-18 04:55:09
47186091,2025-04-18 04:55:09
47195560,2025-02-24 12:50:32
47221353,2025-02-25 12:43:00
47222248,2025-02-25 14:33:02
47222426,2025-02-25 18:27:40
47222495,2025-02-26 11:51:26
47222583,2025-02-26 11:35:32
47230241,2025-03-12 03:41:02
47270876,2025-03-10 17:06:36
47469861,2025-04-18 04:55:09
47609716,2025-04-16 14:12:38
47610951,2025-03-01 21:30:35
47631465,2025-04-18 04:55:09
47631565,2025-04-18 04:55:09
47631603,2025-04-18 04:55:09
47631616,2025-04-18 04:55:09
47631751,2025-04-18 04:55:09
47631797,2025-04-18 04:55:09
47631812,2025-04-18 04:55:09
47632943,2025-04-18 04:55:09
47653475,2025-04-18 04:55:09
47654341,2025-04-18 04:55:09
47689458,2025-04-18 04:55:09
47689478,2025-04-18 04:55:09
47708609,2025-04-18 04:55:09
47708651,2025-04-18 04:55:10
47708671,2025-04-18 04:55:10
47709474,2025-04-18 04:55:10
47769066,2025-04-18 04:55:10
47880543,2025-04-18 04:55:10
47894345,2025-04-18 04:55:10
48021515,2025-04-18 04:55:10
48021528,2025-04-18 04:55:10
48021538,2025-04-18 04:55:10
48021564,2025-04-18 04:55:10
48022833,2025-04-18 04:55:10
48080848,2025-04-03 02:25:48
48159898,2025-04-20 21:24:07
48224724,2025-04-01 09:14:54
48271582,2025-04-18 04:55:10
48300358,2025-04-18 04:55:10
48304039,2025-04-18 04:55:10
48321030,2025-03-06 07:08:03
48603607,2025-04-18 04:55:10
48650960,2025-02-26 11:57:21
48708396,2025-04-18 04:55:10
48708822,2025-04-18 04:55:10
48786586,2025-02-27 13:54:13
48834193,2025-04-18 04:55:10
48856119,2025-04-18 04:55:10
48875688,2025-04-18 04:55:10
48875707,2025-04-18 04:55:10
48875726,2025-04-18 04:55:10
49003550,2025-02-27 04:38:46
49086960,2025-04-18 04:55:10
49214066,2025-04-22 16:51:02
49259628,2025-03-12 14:34:17
49260866,2025-04-18 04:55:10
49277482,2025-04-19 07:55:42
49385285,2025-02-27 05:00:16
49566233,2025-04-03 08:51:31
49714384,2025-04-18 04:55:10
49716961,2025-04-18 04:55:10
49792620,2025-04-10 06:44:35
50016456,2025-04-18 04:55:10
50054623,2025-03-06 14:25:29
50095142,2025-04-18 04:55:10
50129380,2025-04-08 00:38:28
50172520,2025-04-18 04:55:10
50183760,2025-02-27 04:47:22
50230181,2025-04-18 04:55:10
50230440,2025-04-18 04:55:10
50266982,2025-02-25 17:23:59
50292608,2025-04-18 04:55:10
50293153,2025-04-18 04:55:10
50310679,2025-04-18 04:55:10
50310702,2025-04-18 04:55:10
50311320,2025-04-18 04:55:10
50311335,2025-04-18 04:55:10
50312724,2025-04-18 04:55:10
50331884,2025-02-26 13:18:35
50363236,2025-04-18 04:55:11
50365254,2025-03-28 15:28:24
50407563,2025-03-14 19:03:38
50423259,2025-03-13 13:56:05
50517636,2025-03-01 16:27:40
50559147,2025-03-31 21:18:03
50585218,2025-02-24 17:15:34
50588863,2025-04-18 04:55:11
50590849,2025-04-18 04:55:11
50598594,2025-02-27 01:47:38
50600377,2025-02-26 11:41:47
50623734,2025-03-12 15:36:50
50645382,2025-04-16 17:05:16
50658782,2025-02-26 20:02:24
50664276,2025-02-25 12:54:15
50679241,2025-03-01 20:58:34
50681792,2025-02-25 14:47:59
50685885,2025-02-27 18:07:32
50696963,2025-02-28 18:50:15
50714306,2025-02-26 20:04:51
50733733,2025-02-26 11:39:45
50742000,2025-03-27 04:38:16
50764165,2025-02-25 12:54:13
50764168,2025-02-25 12:54:13
50764213,2025-02-25 12:54:13
50764222,2025-02-25 12:54:13
50764246,2025-02-25 12:54:13
50764255,2025-02-25 12:54:13
50764263,2025-02-25 12:54:13
50764268,2025-02-25 12:54:13
50764933,2025-03-12 17:41:17
50769187,2025-03-27 07:31:04
50770418,2025-04-16 16:58:32
50775654,2025-02-24 12:50:32
50775655,2025-02-24 12:50:32
50775657,2025-02-24 12:50:32
50775662,2025-02-24 12:50:32
50777282,2025-03-06 14:58:10
50777695,2025-02-24 12:50:32
50778838,2025-04-02 08:23:26
50783561,2025-03-05 15:58:39
50789045,2025-02-24 12:50:32
50789048,2025-02-24 12:50:32
50789050,2025-02-24 12:50:32
50789052,2025-02-24 12:50:32
50789053,2025-02-24 12:50:32
50789370,2025-02-24 12:50:32
50789372,2025-02-24 12:50:32
50789373,2025-02-24 12:50:32
50791172,2025-02-24 13:29:07
50791238,2025-02-24 12:58:37
50791625,2025-03-27 19:51:55
50792410,2025-02-24 13:29:07
50792631,2025-02-24 13:29:07
50793030,2025-02-24 13:29:07
50793538,2025-02-24 13:29:07
50794200,2025-02-24 14:29:47
50794423,2025-02-24 14:29:45
50794444,2025-02-24 14:29:46
50795238,2025-02-25 12:51:28
50797403,2025-04-02 04:15:27
50802147,2025-02-24 18:24:25
50802799,2025-02-24 18:24:23
50802906,2025-02-24 18:24:23
50804050,2025-02-24 18:24:23
50808968,2025-03-15 19:45:48
50833376,2025-02-25 12:54:13
50835760,2025-03-05 03:51:15
50839817,2025-02-25 13:26:32
50840664,2025-02-25 13:25:42
50841176,2025-02-25 12:56:57
50842372,2025-02-25 12:54:13
50842446,2025-02-25 12:54:13
50843705,2025-02-25 12:54:13
50843784,2025-02-25 12:54:13
50843820,2025-02-25 12:54:13
50845791,2025-02-25 12:56:56
50845941,2025-02-25 12:56:56
50847028,2025-02-25 13:25:40
50850669,2025-02-25 14:33:00
50850677,2025-02-25 14:33:00
50850684,2025-02-25 14:33:00
50850688,2025-02-25 14:33:00
50850694,2025-02-25 14:33:01
50850700,2025-02-25 14:33:01
50850704,2025-02-25 14:33:01
50850709,2025-02-25 14:33:01
50850715,2025-02-25 14:33:01
50850718,2025-02-25 14:33:01
50856563,2025-02-27 11:35:21
50859212,2025-02-25 18:27:38
50859229,2025-02-25 18:27:38
50859232,2025-02-25 18:27:38
50859237,2025-02-25 18:27:38
50859241,2025-02-25 18:27:38
50859252,2025-02-25 18:27:38
50859260,2025-02-25 18:27:38
50859265,2025-02-25 18:27:38
50860361,2025-02-25 18:27:38
50860367,2025-02-25 18:27:38
50860371,2025-02-25 18:27:38
50860377,2025-02-25 18:27:38
50860383,2025-02-25 18:27:39
50874102,2025-02-28 15:24:14
50875317,2025-02-27 11:35:20
50875331,2025-02-27 11:35:20
50875348,2025-02-27 11:35:20
50875367,2025-02-27 11:35:20
50875385,2025-02-27 11:35:20
50875405,2025-02-27 11:35:20
50875427,2025-02-27 11:35:20
50875439,2025-02-27 11:35:20
50875452,2025-02-27 11:35:20
50875467,2025-02-27 11:35:20
50880887,2025-02-26 11:51:24
50881742,2025-02-26 11:51:24
50883096,2025-02-26 11:51:24
50883102,2025-02-26 11:51:24
50883106,2025-02-26 11:51:24
50883111,2025-02-26 11:51:24
50883114,2025-02-26 11:51:24
50883528,2025-02-27 15:29:30
50885892,2025-02-26 11:51:24
50885895,2025-02-26 11:51:24
50885900,2025-02-26 11:51:24
50885904,2025-02-26 11:51:24
50885910,2025-02-26 11:51:24
50893438,2025-02-26 11:35:31
50894328,2025-02-26 11:35:31
50899256,2025-03-03 18:13:12
50900373,2025-03-11 03:03:02
50922314,2025-02-27 11:36:25
50922327,2025-03-06 11:33:35
50924308,2025-03-01 21:27:38
50924499,2025-02-27 11:36:25
50924503,2025-02-27 11:36:25
50924513,2025-02-27 11:36:25
50924521,2025-02-27 11:36:25
50924527,2025-02-27 11:36:25
50924550,2025-02-27 11:36:25
50924565,2025-02-27 11:36:25
50924572,2025-02-27 11:36:25
50924596,2025-02-27 11:36:25
50924605,2025-02-27 11:36:25
50924615,2025-02-27 11:36:25
50924631,2025-02-27 11:36:25
50926761,2025-02-28 16:30:56
50927703,2025-02-27 11:36:25
50927741,2025-02-27 11:36:25
50927757,2025-02-27 11:36:25
50928785,2025-02-28 16:32:47
50929447,2025-03-18 21:14:45
50930181,2025-03-01 15:58:21
50931098,2025-03-01 02:27:13
50931850,2025-02-28 16:27:21
50931939,2025-02-28 16:28:56
50932100,2025-02-28 16:29:31
50932161,2025-02-28 16:26:38
50932239,2025-02-28 16:32:00
50933305,2025-03-06 11:33:35
50933397,2025-02-27 19:20:40
50933732,2025-02-27 19:20:39
50934304,2025-02-27 19:20:39
50935440,2025-03-06 11:33:35
50935602,2025-02-27 19:20:39
50936723,2025-02-28 16:33:32
50937492,2025-02-27 19:20:39
50938988,2025-02-27 19:20:39
50942057,2025-04-16 08:23:07
50946716,2025-03-05 17:19:07
50948717,2025-03-06 11:33:35
50951631,2025-02-28 16:34:08
50951640,2025-03-06 11:33:35
50952909,2025-02-28 14:22:02
50954161,2025-02-28 14:22:01
50955100,2025-02-28 15:47:26
50955500,2025-02-28 15:47:26
50962746,2025-03-02 19:35:24
50963614,2025-03-02 19:37:07
50965057,2025-03-02 19:37:38
50968804,2025-03-22 22:16:29
50976154,2025-03-06 11:33:35
50983532,2025-03-06 11:33:35
50986428,2025-03-06 11:33:36
51004482,2025-03-04 16:43:54
51004908,2025-03-04 16:43:54
51005788,2025-03-04 16:43:54
51006206,2025-03-05 21:24:59
51006690,2025-03-04 16:43:54
51008317,2025-03-04 16:43:54
51009335,2025-03-04 16:43:54
51010331,2025-03-04 16:43:54
51011704,2025-03-04 16:43:54
51026046,2025-03-05 17:19:06
51026093,2025-03-28 11:16:31
51028935,2025-03-16 22:25:48
51029092,2025-03-05 17:19:06
51029106,2025-03-05 17:19:06
51029112,2025-03-05 17:19:06
51032078,2025-03-04 18:01:45
51051594,2025-03-06 14:11:58
51052000,2025-03-16 15:16:49
51052107,2025-03-05 17:19:06
51052114,2025-03-05 17:19:06
51052122,2025-03-05 17:19:06
51052128,2025-03-05 17:19:06
51052134,2025-03-05 17:19:06
51052135,2025-03-05 17:19:06
51052141,2025-03-05 17:19:06
51052150,2025-03-05 17:19:06
51052153,2025-03-05 17:19:06
51052161,2025-03-05 17:19:06
51052169,2025-03-05 17:19:06
51054106,2025-03-13 10:57:56
51054441,2025-03-16 15:23:40
51054631,2025-03-16 15:20:27
51054841,2025-03-16 15:23:19
51058238,2025-03-05 14:28:50
51058680,2025-03-05 14:28:49
51059551,2025-03-05 14:28:49
51062097,2025-03-05 16:24:42
51062467,2025-03-05 16:24:41
51063142,2025-03-05 16:24:41
51063723,2025-03-05 16:24:41
51065792,2025-03-27 07:13:20
51066333,2025-03-05 19:06:51
51066415,2025-03-18 12:27:48
51067393,2025-03-05 19:08:04
51068494,2025-03-05 19:08:57
51074075,2025-03-14 23:38:48
51078534,2025-03-31 10:14:25
51079474,2025-03-06 18:43:23
51080206,2025-03-06 18:43:23
51080209,2025-03-06 18:43:23
51080214,2025-03-06 18:43:23
51080217,2025-03-06 18:43:23
51080224,2025-03-06 18:43:23
51080226,2025-03-06 18:43:23
51080229,2025-03-06 18:43:23
51080231,2025-03-06 18:43:23
51080235,2025-03-06 18:43:23
51080239,2025-03-06 18:43:23
51080242,2025-03-06 18:43:23
51080247,2025-03-06 18:43:23
51080253,2025-03-06 18:43:23
51080257,2025-03-06 18:43:23
51080837,2025-04-21 18:56:56
51081361,2025-04-07 03:39:16
51086735,2025-03-24 16:06:39
51087012,2025-04-05 01:21:11
51088314,2025-04-05 01:22:03
51088898,2025-04-05 01:25:55
51091319,2025-04-04 11:21:12
51092376,2025-03-06 21:36:58
51102334,2025-04-17 07:02:02
51104160,2025-04-21 22:01:44
51104735,2025-04-21 19:21:51
51104960,2025-04-22 18:47:42
51115371,2025-03-08 23:26:55
51127330,2025-03-25 23:26:53
51155032,2025-03-10 13:24:28
51155066,2025-03-12 19:46:21
51155067,2025-03-12 19:05:42
51158113,2025-03-10 13:24:26
51158909,2025-03-10 13:24:27
51158915,2025-03-10 13:24:27
51158929,2025-03-10 13:24:27
51159158,2025-03-10 13:24:27
51159162,2025-03-10 13:24:27
51159434,2025-03-10 13:24:27
51159451,2025-03-10 13:24:27
51160765,2025-03-11 14:41:24
51161364,2025-03-10 13:24:27
51161382,2025-03-10 13:24:27
51161403,2025-03-10 13:24:27
51169163,2025-04-06 03:05:30
51183910,2025-03-12 13:58:07
51185589,2025-03-12 14:34:16
51190411,2025-03-12 14:34:16
51192074,2025-03-12 14:34:16
51192100,2025-03-12 14:34:16
51192122,2025-03-12 14:34:16
51196745,2025-03-11 14:43:29
51198289,2025-03-11 16:52:21
51198369,2025-03-20 14:12:01
51199200,2025-03-11 16:52:20
51199395,2025-03-27 18:17:37
51200256,2025-03-11 16:52:20
51201097,2025-03-18 15:09:03
51201864,2025-03-11 16:52:20
51202566,2025-03-11 19:22:45
51203320,2025-03-11 19:22:44
51203367,2025-03-11 19:22:44
51204335,2025-03-11 19:22:44
51205267,2025-03-26 14:39:09
51205555,2025-03-11 19:22:44
51205790,2025-03-15 00:07:03
51206515,2025-03-11 19:22:44
51206659,2025-03-11 19:22:44
51213749,2025-03-12 14:34:16
51213764,2025-03-12 14:34:16
51213778,2025-03-12 14:34:16
51216892,2025-03-12 13:00:36
51217301,2025-03-13 16:35:09
51218166,2025-03-12 13:00:35
51218171,2025-03-12 13:00:35
51218184,2025-03-12 13:00:35
51218189,2025-03-12 13:00:35
51218412,2025-03-14 01:14:18
51219944,2025-03-12 13:00:35
51219947,2025-03-12 13:00:35
51219971,2025-03-12 13:00:35
51219979,2025-03-12 13:00:35
51219989,2025-03-12 13:00:35
51220001,2025-03-12 13:00:35
51220010,2025-03-12 13:00:35
51221497,2025-03-12 14:48:18
51223153,2025-03-12 13:00:35
51223164,2025-03-12 13:00:35
51223915,2025-03-12 13:00:36
51226120,2025-03-12 14:48:17
51226358,2025-03-12 14:48:17
51227321,2025-03-12 14:48:17
51230484,2025-03-14 11:11:33
51230608,2025-03-12 16:50:30
51231254,2025-03-12 16:50:28
51239799,2025-03-26 17:19:39
51240543,2025-03-30 22:05:23
51247175,2025-03-13 10:57:55
51247177,2025-03-13 10:57:55
51247183,2025-03-13 10:57:55
51247186,2025-03-13 10:57:55
51247189,2025-03-13 10:57:55
51247190,2025-03-13 10:57:55
51247191,2025-03-13 10:57:55
51247330,2025-03-13 10:57:55
51247333,2025-03-13 10:57:55
51247334,2025-03-13 10:57:55
51247335,2025-03-13 10:57:55
51247336,2025-03-13 10:57:55
51247337,2025-03-13 10:57:55
51247339,2025-03-13 10:57:55
51247341,2025-03-13 10:57:55
51249366,2025-03-27 23:21:05
51257538,2025-03-29 05:39:31
51263266,2025-03-31 10:08:02
51277205,2025-04-05 01:52:06
51288648,2025-04-15 16:16:20
51289808,2025-04-15 15:53:47
51297227,2025-04-10 03:59:53
51300956,2025-04-02 04:15:26
51300960,2025-04-02 04:15:26
51300965,2025-04-02 04:15:26
51302958,2025-03-19 12:20:49
51317072,2025-03-27 14:56:15
51318199,2025-03-21 20:26:03
51321109,2025-03-21 12:29:15
51324178,2025-04-01 12:39:12
51328980,2025-04-18 04:55:11
51329395,2025-03-30 04:18:02
51340245,2025-03-20 19:29:47
51347373,2025-03-19 17:59:38
51347649,2025-03-25 14:29:07
51353182,2025-03-18 12:27:46
51354108,2025-03-29 18:33:23
51359535,2025-04-18 04:55:11
51359699,2025-04-19 07:14:24
51360496,2025-03-26 17:45:29
51365748,2025-04-19 07:12:43
51365833,2025-04-18 04:55:11
51365984,2025-04-19 07:10:41
51366527,2025-04-19 07:07:52
51372287,2025-04-16 03:11:39
51374648,2025-04-22 06:37:10
51377476,2025-03-22 15:30:01
51381317,2025-03-20 18:55:49
51383964,2025-03-30 14:38:28
51390966,2025-04-21 21:37:10
51394856,2025-04-08 02:31:48
51407736,2025-04-19 07:15:52
51407913,2025-04-19 07:03:07
51407931,2025-04-19 06:55:50
51407936,2025-04-19 07:06:35
51407941,2025-04-19 06:53:00
51431421,2025-03-21 12:29:14
51431432,2025-03-21 12:29:14
51435719,2025-03-21 12:29:14
51444353,2025-03-21 22:56:15
51444819,2025-03-21 22:56:14
51445382,2025-03-21 22:56:14
51446010,2025-03-21 22:56:14
51446574,2025-03-21 22:56:14
51447082,2025-03-21 22:56:14
51452230,2025-04-22 06:52:00
51457565,2025-03-23 22:30:32
51466125,2025-04-15 17:08:12
51469285,2025-04-15 17:12:36
51472933,2025-04-23 06:36:40
51476742,2025-04-21 22:01:44
51481240,2025-04-21 22:01:44
51482304,2025-04-21 22:01:44
51487807,2025-04-15 14:42:46
51496633,2025-03-31 10:14:24
51520534,2025-04-03 10:34:11
51521333,2025-04-21 22:01:44
51521385,2025-03-31 10:14:24
51532161,2025-04-12 09:26:00
51535261,2025-03-31 10:14:24
51550110,2025-04-18 21:09:29
51551370,2025-04-03 18:52:07
51563625,2025-03-27 14:16:38
51582521,2025-04-18 06:54:18
51587582,2025-03-27 14:16:37
51588152,2025-03-27 14:16:37
51592918,2025-03-30 11:49:23
51596713,2025-03-28 15:07:21
51597443,2025-03-28 15:07:20
51598007,2025-03-28 15:07:20
51598576,2025-03-28 15:07:20
51606888,2025-04-10 04:58:38
51607732,2025-03-28 11:16:30
51607748,2025-03-28 11:16:30
51608458,2025-04-16 14:44:32
51608693,2025-04-10 04:59:26
51609158,2025-03-31 10:14:24
51609334,2025-04-04 11:36:47
51609741,2025-03-28 11:16:30
51609748,2025-03-28 11:16:30
51610036,2025-03-28 11:16:30
51610711,2025-03-28 11:16:31
51610718,2025-03-28 11:16:31
51614772,2025-03-28 15:07:20
51616481,2025-03-28 17:37:47
51617019,2025-03-28 17:37:46
51617665,2025-03-28 17:37:46
51627873,2025-03-30 11:51:34
51633965,2025-04-05 01:40:46
51634683,2025-03-29 18:58:53
51641255,2025-04-15 17:16:43
51641551,2025-04-15 17:20:09
51646398,2025-03-31 05:24:18
51648378,2025-04-09 11:13:50
51658188,2025-04-13 07:28:50
51658829,2025-04-05 02:50:35
51659531,2025-03-31 10:14:24
51661247,2025-04-02 16:56:46
51676048,2025-04-03 20:33:07
51676399,2025-04-05 01:28:19
51679491,2025-04-07 20:34:09
51680176,2025-04-08 16:15:23
51680316,2025-04-08 21:15:47
51690693,2025-04-18 04:55:11
51691705,2025-04-18 04:55:11
51695728,2025-04-01 20:54:11
51701167,2025-04-06 14:05:32
51703209,2025-04-05 02:56:33
51712713,2025-04-07 07:15:54
51717467,2025-04-02 16:56:46
51717757,2025-04-02 16:56:46
51717761,2025-04-15 15:53:46
51718516,2025-04-02 16:56:46
51719054,2025-04-02 16:56:46
51719508,2025-04-15 15:53:46
51719867,2025-04-02 16:56:46
51720432,2025-04-02 16:56:46
51721196,2025-04-02 16:56:46
51721567,2025-04-02 16:56:46
51722375,2025-04-02 16:56:46
51722988,2025-04-02 16:56:46
51723425,2025-04-02 16:56:46
51727312,2025-04-03 03:45:16
51732404,2025-04-18 04:55:11
51741465,2025-04-10 06:37:22
51753452,2025-04-21 19:02:54
51753870,2025-04-21 20:33:36
51758236,2025-04-18 04:22:05
51762614,2025-04-05 02:44:43
51762621,2025-04-05 02:44:41
51762628,2025-04-05 02:44:41
51762639,2025-04-05 02:44:44
51762740,2025-04-05 02:44:41
51762749,2025-04-05 02:44:44
51762769,2025-04-05 02:44:45
51762774,2025-04-05 02:44:45
51763913,2025-04-05 02:44:42
51763939,2025-04-05 02:44:42
51763966,2025-04-05 02:44:41
51763980,2025-04-05 02:44:42
51764038,2025-04-05 02:44:42
51764045,2025-04-05 02:44:43
51765335,2025-04-05 02:44:43
51765349,2025-04-05 02:44:42
51765496,2025-04-05 02:44:44
51766180,2025-04-05 02:44:43
51766254,2025-04-18 06:57:33
51766452,2025-04-05 02:44:44
51766821,2025-04-16 06:44:33
51767215,2025-04-05 02:44:45
51767275,2025-04-05 02:44:44
51767313,2025-04-05 02:44:44
51767761,2025-04-22 18:23:08
51770015,2025-04-21 18:56:56
51770024,2025-04-21 18:56:56
51770729,2025-04-07 03:39:16
51770802,2025-04-04 20:55:44
51771076,2025-04-04 20:55:44
51771516,2025-04-04 20:55:44
51771593,2025-04-04 20:55:44
51772251,2025-04-04 20:55:44
51772670,2025-04-04 20:55:44
51772945,2025-04-04 20:55:44
51773287,2025-04-04 20:55:44
51773379,2025-04-08 08:42:50
51773567,2025-04-04 20:55:44
51773720,2025-04-04 20:55:45
51774167,2025-04-04 20:55:45
51774583,2025-04-04 20:55:45
51775388,2025-04-18 04:55:11
51775666,2025-04-04 20:55:45
51776294,2025-04-04 20:55:45
51776974,2025-04-04 20:55:45
51779193,2025-04-10 06:55:54
51781525,2025-04-05 02:44:43
51784416,2025-04-15 07:35:23
51787086,2025-04-21 20:36:29
51793882,2025-04-08 08:26:06
51800414,2025-04-07 23:22:14
51810497,2025-04-21 21:16:36
51812111,2025-04-22 06:58:15
51812551,2025-04-21 19:37:35
51812741,2025-04-07 07:15:54
51812770,2025-04-07 07:15:54
51814345,2025-04-21 19:26:23
51819232,2025-04-07 23:23:32
51833271,2025-04-13 16:47:07
51836599,2025-04-21 19:36:01
51843125,2025-04-10 06:52:35
51844802,2025-04-10 06:50:22
51846682,2025-04-15 09:30:06
51848019,2025-04-09 14:12:32
51860230,2025-04-21 20:34:09
51877595,2025-04-11 08:59:36
51881581,2025-04-15 18:01:45
51881866,2025-04-18 04:21:19
51882891,2025-04-18 22:28:39
51889604,2025-04-18 06:21:29
51892180,2025-04-21 19:58:04
51895448,2025-04-16 05:50:54
51902717,2025-04-20 21:28:26
51905913,2025-04-11 08:59:36
51906675,2025-04-11 08:59:36
51907184,2025-04-11 08:59:36
51907589,2025-04-11 08:59:36
51914279,2025-04-13 19:22:33
51914346,2025-04-13 19:06:20
51915288,2025-04-13 19:22:18
51928003,2025-04-13 18:31:31
51929719,2025-04-13 19:28:20
51942350,2025-04-15 15:15:20
51942523,2025-04-15 14:25:57
51946379,2025-04-21 20:34:39
51953073,2025-04-16 08:26:10
51954263,2025-04-16 08:28:27
51964805,2025-04-18 04:21:46
51970163,2025-04-15 15:09:16
51970319,2025-04-21 20:00:15
51970914,2025-04-21 14:22:02
51970920,2025-04-16 05:42:26
51971961,2025-04-21 19:38:05
51972301,2025-04-15 15:09:15
51972394,2025-04-15 15:09:15
51972651,2025-04-15 15:09:15
51973135,2025-04-15 15:09:15
51973212,2025-04-18 06:40:51
51974248,2025-04-15 15:09:16
51976726,2025-04-15 15:09:16
51978713,2025-04-15 15:09:16
51978840,2025-04-18 06:40:16
51980241,2025-04-15 15:09:16
51981114,2025-04-15 15:09:16
51983143,2025-04-15 15:09:16
51984780,2025-04-15 15:09:16
51985427,2025-04-18 04:21:54
51986249,2025-04-15 15:09:16
51996133,2025-04-16 06:44:32
51996177,2025-04-16 06:44:32
51998362,2025-04-16 09:05:31
51999708,2025-04-16 06:44:32
52005541,2025-04-15 15:09:16
52006832,2025-04-15 15:09:16
52006946,2025-04-15 15:09:16
52010151,2025-04-16 13:54:40
52010848,2025-04-22 21:27:39
52013459,2025-04-18 04:55:11
52016464,2025-04-19 06:34:27
52018985,2025-04-18 04:26:28
52030200,2025-04-16 06:44:32
52030245,2025-04-16 06:44:33
52030562,2025-04-16 06:44:33
52030636,2025-04-16 06:44:33
52030642,2025-04-16 06:44:33
52035698,2025-04-16 17:22:10
52036852,2025-04-16 13:54:39
52037449,2025-04-16 13:54:39
52038376,2025-04-18 04:55:11
52038385,2025-04-16 17:22:09
52038509,2025-04-16 17:22:09
52039917,2025-04-16 17:22:09
52041041,2025-04-16 17:22:09
52041105,2025-04-21 18:50:49
52041970,2025-04-16 17:22:09
52043046,2025-04-16 17:22:09
52043731,2025-04-16 17:22:09
52045093,2025-04-22 21:10:25
52056919,2025-04-18 06:57:31
52060440,2025-04-21 18:50:47
52060649,2025-04-22 17:39:27
52063416,2025-04-18 06:57:31
52063428,2025-04-18 06:57:31
52063812,2025-04-18 06:57:32
52063821,2025-04-18 06:57:32
52063830,2025-04-18 06:57:32
52063880,2025-04-21 18:50:47
52064895,2025-04-17 23:43:49
52065781,2025-04-17 23:23:57
52067103,2025-04-18 06:57:32
52067114,2025-04-18 06:57:32
52067153,2025-04-17 23:43:47
52067382,2025-04-18 11:38:12
52067537,2025-04-17 23:43:47
52068031,2025-04-17 23:43:47
52068594,2025-04-17 23:43:47
52068865,2025-04-17 23:43:47
52069267,2025-04-17 23:43:47
52069291,2025-04-17 23:43:47
52069729,2025-04-17 23:43:47
52070448,2025-04-17 23:43:47
52071038,2025-04-17 23:43:47
52071400,2025-04-17 23:43:47
52071560,2025-04-17 23:43:47
52072047,2025-04-17 23:43:47
52072420,2025-04-17 23:43:47
52074481,2025-04-17 23:43:47
52083654,2025-04-22 04:55:20
52087280,2025-04-21 18:50:47
52087286,2025-04-21 18:50:47
52087289,2025-04-21 18:50:47
52087949,2025-04-21 19:26:23
52088931,2025-04-18 20:36:09
52094858,2025-04-22 21:23:28
52102402,2025-04-22 22:11:48
52103538,2025-04-21 18:50:47
52104036,2025-04-21 19:26:23
52109124,2025-04-21 19:26:23
52119457,2025-04-23 12:38:48
52123616,2025-04-21 19:26:23
52125167,2025-04-21 19:26:23
52127453,2025-04-21 19:36:50
52140323,2025-04-23 12:10:43
52140855,2025-04-21 18:50:47
52141269,2025-04-21 18:50:47
52142680,2025-04-21 19:26:23
52144765,2025-04-21 23:34:26
52144967,2025-04-21 19:26:23
52145523,2025-04-21 15:01:57
52147806,2025-04-21 14:22:01
52148229,2025-04-21 14:22:01
52148858,2025-04-21 15:01:55
52149470,2025-04-21 15:01:55
52151575,2025-04-21 19:03:52
52157868,2025-04-21 19:04:44
52160556,2025-04-21 21:12:41
52160964,2025-04-21 21:12:41
52161299,2025-04-21 21:12:41
52161887,2025-04-21 21:12:41
52168324,2025-04-22 17:39:27
52168445,2025-04-22 08:03:21
52171344,2025-04-22 17:39:27
52171964,2025-04-22 17:39:27
52171989,2025-04-22 17:39:27
52174566,2025-04-22 17:39:27
52174574,2025-04-22 17:39:27
52174591,2025-04-22 17:39:27
52174980,2025-04-22 15:24:33
52175303,2025-04-22 16:34:14
52175535,2025-04-23 17:44:19
52178749,2025-04-22 15:24:32
52178929,2025-04-22 15:24:32
52180375,2025-04-22 15:24:32
52181849,2025-04-22 15:24:32
52183024,2025-04-22 15:24:32
52184050,2025-04-22 16:34:13
52184741,2025-04-22 16:34:13
52199473,2025-04-23 09:03:29
