user,email_count
3956193,68
4828170,1
7955388,89
13503997,99
23017485,2
25609331,0
32338879,19
38209114,0
42824225,4
43471765,14
45492992,1
45688074,0
45688156,0
45709183,0
45983374,102
45984073,0
46098717,100
46098769,1
46181336,121
46249129,0
46278613,23
46280040,8
46496236,88
46534251,14
46885400,23
46972862,17
47038288,0
47089641,3
47090308,1
47090486,2
47182927,102
47186091,104
47195560,0
47221353,0
47222248,0
47222426,0
47222495,0
47222583,0
47230241,2
47270876,2
47469861,115
47609716,0
47610951,0
47631465,96
47631565,75
47631603,96
47631616,0
47631751,103
47631797,107
47631812,119
47632943,85
47653475,47
47654341,58
47689458,104
47689478,101
47708609,103
47708651,109
47708671,89
47709474,106
47769066,97
47880543,104
47894345,96
48021515,0
48021528,0
48021538,110
48021564,97
48022833,113
48080848,1
48159898,0
48224724,0
48271582,121
48300358,19
48304039,105
48321030,1
48603607,97
48650960,1
48708396,0
48708822,0
48786586,5
48834193,107
48856119,0
48875688,105
48875707,0
48875726,0
49003550,4
49086960,108
49214066,16
49259628,0
49260866,107
49277482,0
49385285,5
49566233,9
49714384,51
49716961,85
49792620,19
50016456,0
50054623,1
50095142,95
50129380,0
50172520,119
50183760,2
50230181,0
50230440,100
50266982,5
50292608,94
50293153,80
50310679,91
50310702,0
50311320,14
50311335,0
50312724,57
50331884,30
50363236,0
50365254,0
50407563,21
50423259,0
50517636,4
50559147,4
50585218,0
50588863,15
50590849,51
50598594,0
50600377,0
50623734,0
50645382,6
50658782,0
50664276,0
50679241,2
50681792,3
50685885,0
50696963,4
50714306,0
50733733,4
50742000,40
50764165,1
50764168,5
50764213,3
50764222,1
50764246,3
50764255,2
50764263,2
50764268,2
50764933,1
50769187,15
50770418,1
50775654,0
50775655,0
50775657,0
50775662,0
50777282,0
50777695,0
50778838,92
50783561,2
50789045,0
50789048,0
50789050,0
50789052,0
50789053,0
50789370,0
50789372,0
50789373,0
50791172,0
50791238,1
50791625,7
50792410,0
50792631,1
50793030,1
50793538,0
50794200,0
50794423,0
50794444,0
50795238,0
50797403,7
50802147,0
50802799,1
50802906,1
50804050,0
50808968,1
50833376,1
50835760,0
50839817,0
50840664,0
50841176,0
50842372,1
50842446,1
50843705,1
50843784,0
50843820,0
50845791,1
50845941,0
50847028,0
50850669,0
50850677,0
50850684,0
50850688,0
50850694,0
50850700,0
50850704,0
50850709,0
50850715,0
50850718,0
50856563,0
50859212,0
50859229,0
50859232,0
50859237,0
50859241,0
50859252,0
50859260,0
50859265,0
50860361,0
50860367,0
50860371,0
50860377,0
50860383,0
50874102,3
50875317,1
50875331,1
50875348,1
50875367,1
50875385,1
50875405,1
50875427,1
50875439,1
50875452,0
50875467,0
50880887,0
50881742,0
50883096,0
50883102,0
50883106,0
50883111,0
50883114,0
50883528,1
50885892,0
50885895,0
50885900,0
50885904,0
50885910,0
50893438,1
50894328,0
50899256,0
50900373,8
50922314,0
50922327,0
50924308,2
50924499,1
50924503,1
50924513,1
50924521,1
50924527,1
50924550,1
50924565,1
50924572,1
50924596,1
50924605,0
50924615,0
50924631,0
50926761,0
50927703,0
50927741,0
50927757,1
50928785,0
50929447,9
50930181,1
50931098,2
50931850,0
50931939,0
50932100,0
50932161,0
50932239,0
50933305,0
50933397,0
50933732,1
50934304,1
50935440,1
50935602,1
50936723,0
50937492,1
50938988,0
50942057,0
50946716,0
50948717,3
50951631,0
50951640,2
50952909,0
50954161,1
50955100,0
50955500,1
50962746,0
50963614,0
50965057,0
50968804,13
50976154,1
50983532,2
50986428,4
51004482,0
51004908,0
51005788,0
51006206,0
51006690,0
51008317,0
51009335,0
51010331,0
51011704,0
51026046,1
51026093,0
51028935,5
51029092,1
51029106,1
51029112,1
51032078,0
51051594,0
51052000,4
51052107,1
51052114,1
51052122,1
51052128,1
51052134,0
51052135,1
51052141,1
51052150,0
51052153,0
51052161,0
51052169,0
51054106,0
51054441,4
51054631,5
51054841,4
51058238,0
51058680,1
51059551,1
51062097,0
51062467,1
51063142,1
51063723,0
51065792,6
51066333,1
51066415,0
51067393,0
51068494,0
51074075,0
51078534,0
51079474,0
51080206,1
51080209,1
51080214,1
51080217,1
51080224,1
51080226,1
51080229,1
51080231,1
51080235,1
51080239,1
51080242,1
51080247,1
51080253,0
51080257,0
51080837,0
51081361,0
51086735,8
51087012,0
51088314,0
51088898,0
51091319,0
51092376,1
51102334,3
51104160,0
51104735,0
51104960,3
51115371,4
51127330,3
51155032,0
51155066,4
51155067,3
51158113,1
51158909,1
51158915,0
51158929,1
51159158,0
51159162,1
51159434,1
51159451,1
51160765,0
51161364,1
51161382,1
51161403,1
51169163,2
51183910,1
51185589,2
51190411,1
51192074,1
51192100,1
51192122,1
51196745,0
51198289,0
51198369,7
51199200,1
51199395,3
51200256,1
51201097,3
51201864,0
51202566,0
51203320,1
51203367,1
51204335,1
51205267,6
51205555,1
51205790,10
51206515,0
51206659,0
51213749,0
51213764,0
51213778,0
51216892,0
51217301,1
51218166,1
51218171,1
51218184,1
51218189,1
51218412,0
51219944,1
51219947,1
51219971,1
51219979,1
51219989,1
51220001,1
51220010,1
51221497,0
51223153,0
51223164,1
51223915,0
51226120,0
51226358,1
51227321,0
51230484,12
51230608,0
51231254,1
51239799,7
51240543,2
51247175,0
51247177,0
51247183,0
51247186,0
51247189,0
51247190,0
51247191,0
51247330,0
51247333,0
51247334,0
51247335,0
51247336,0
51247337,0
51247339,0
51247341,0
51249366,7
51257538,0
51263266,0
51277205,1
51288648,11
51289808,15
51297227,0
51300956,1
51300960,0
51300965,0
51302958,1
51317072,1
51318199,3
51321109,0
51324178,0
51328980,0
51329395,1
51340245,2
51347373,5
51347649,1
51353182,1
51354108,0
51359535,3
51359699,12
51360496,4
51365748,10
51365833,4
51365984,12
51366527,11
51372287,6
51374648,8
51377476,1
51381317,2
51383964,0
51390966,1
51394856,1
51407736,9
51407913,3
51407931,11
51407936,3
51407941,10
51431421,2
51431432,2
51435719,1
51444353,0
51444819,1
51445382,1
51446010,1
51446574,1
51447082,1
51452230,8
51457565,1
51466125,7
51469285,1
51472933,0
51476742,3
51481240,0
51482304,0
51487807,0
51496633,1
51520534,10
51521333,0
51521385,1
51532161,0
51535261,0
51550110,0
51551370,1
51563625,0
51582521,2
51587582,1
51588152,0
51592918,0
51596713,0
51597443,1
51598007,1
51598576,0
51606888,0
51607732,0
51607748,0
51608458,0
51608693,0
51609158,0
51609334,0
51609741,0
51609748,0
51610036,0
51610711,0
51610718,0
51614772,0
51616481,0
51617019,0
51617665,0
51627873,1
51633965,1
51634683,0
51641255,0
51641551,0
51646398,0
51648378,0
51658188,0
51658829,0
51659531,0
51661247,0
51676048,0
51676399,0
51679491,0
51680176,0
51680316,0
51690693,1
51691705,0
51695728,0
51701167,0
51703209,0
51712713,0
51717467,1
51717757,1
51717761,0
51718516,1
51719054,1
51719508,0
51719867,1
51720432,1
51721196,1
51721567,1
51722375,1
51722988,1
51723425,0
51727312,1
51732404,0
51741465,0
51753452,0
51753870,0
51758236,2
51762614,0
51762621,1
51762628,0
51762639,0
51762740,1
51762749,0
51762769,0
51762774,0
51763913,1
51763939,0
51763966,0
51763980,1
51764038,1
51764045,1
51765335,0
51765349,0
51765496,0
51766180,0
51766254,0
51766452,0
51766821,0
51767215,0
51767275,0
51767313,0
51767761,0
51770015,0
51770024,0
51770729,1
51770802,1
51771076,1
51771516,0
51771593,1
51772251,1
51772670,1
51772945,1
51773287,1
51773379,1
51773567,0
51773720,1
51774167,1
51774583,1
51775388,0
51775666,1
51776294,1
51776974,1
51779193,0
51781525,0
51784416,0
51787086,0
51793882,0
51800414,0
51810497,0
51812111,0
51812551,0
51812741,0
51812770,0
51814345,0
51819232,0
51833271,0
51836599,0
51843125,0
51844802,0
51846682,0
51848019,0
51860230,0
51877595,0
51881581,0
51881866,0
51882891,0
51889604,0
51892180,0
51895448,0
51902717,0
51905913,0
51906675,0
51907184,0
51907589,0
51914279,0
51914346,0
51915288,0
51928003,0
51929719,0
51942350,0
51942523,0
51946379,0
51953073,0
51954263,0
51964805,0
51970163,0
51970319,0
51970914,0
51970920,0
51971961,0
51972301,0
51972394,0
51972651,0
51973135,0
51973212,0
51974248,0
51976726,0
51978713,0
51978840,0
51980241,0
51981114,0
51983143,0
51984780,0
51985427,0
51986249,0
51996133,0
51996177,0
51998362,0
51999708,0
52005541,0
52006832,0
52006946,0
52010151,0
52010848,0
52013459,0
52016464,0
52018985,0
52030200,0
52030245,0
52030562,0
52030636,0
52030642,0
52035698,0
52036852,0
52037449,0
52038376,0
52038385,0
52038509,0
52039917,0
52041041,0
52041105,0
52041970,0
52043046,0
52043731,0
52045093,0
52056919,0
52060440,0
52060649,0
52063416,0
52063428,0
52063812,0
52063821,0
52063830,0
52063880,0
52064895,0
52065781,0
52067103,0
52067114,0
52067153,0
52067382,0
52067537,0
52068031,0
52068594,0
52068865,0
52069267,0
52069291,0
52069729,0
52070448,0
52071038,0
52071400,0
52071560,0
52072047,0
52072420,0
52074481,0
52083654,0
52087280,0
52087286,0
52087289,0
52087949,0
52088931,0
52094858,0
52102402,0
52103538,0
52104036,0
52109124,0
52119457,0
52123616,0
52125167,0
52127453,0
52140323,0
52140855,0
52141269,0
52142680,0
52144765,0
52144967,0
52145523,0
52147806,0
52148229,0
52148858,0
52149470,0
52151575,0
52157868,0
52160556,0
52160964,0
52161299,0
52161887,0
52168324,0
52168445,0
52171344,0
52171964,0
52171989,0
52174566,0
52174574,0
52174591,0
52174980,0
52175303,0
52175535,0
52178749,0
52178929,0
52180375,0
52181849,0
52183024,0
52184050,0
52184741,0
52199473,0
